{"cameraMode":{"drawMode":0,"name":"Shaded","section":"Shading Mode"},"sceneLighting":false,"audioPlay":false,"sceneViewState":{"m_AlwaysRefresh":false,"showFog":false,"showSkybox":false,"showFlares":false,"showImageEffects":true,"showParticleSystems":true,"showVisualEffectGraphs":true,"m_FxEnabled":false},"in2DMode":false,"pivot":{"x":-0.13172286748886109,"y":-0.11762815713882446,"z":0.05941736698150635},"rotation":{"x":-0.21542546153068543,"y":0.3891431987285614,"z":-0.09412151575088501,"w":-0.8906773328781128},"size":0.8660253882408142,"orthographic":false}