{"cameraMode":{"drawMode":0,"name":"Shaded","section":"Shading Mode"},"sceneLighting":true,"audioPlay":false,"sceneViewState":{"m_AlwaysRefresh":false,"showFog":false,"showSkybox":false,"showFlares":false,"showImageEffects":true,"showParticleSystems":true,"showVisualEffectGraphs":true,"m_FxEnabled":false},"in2DMode":false,"pivot":{"x":0.12611237168312074,"y":1.2205818891525269,"z":-0.864012598991394},"rotation":{"x":0.0008590354700572789,"y":0.9990769624710083,"z":-0.03629271313548088,"w":0.023412862792611123},"size":1.050541639328003,"orthographic":false}