{"cameraMode":{"drawMode":0,"name":"Shaded","section":"Shading Mode"},"sceneLighting":false,"audioPlay":false,"sceneViewState":{"m_AlwaysRefresh":false,"showFog":false,"showSkybox":false,"showFlares":false,"showImageEffects":true,"showParticleSystems":true,"showVisualEffectGraphs":true,"m_FxEnabled":false},"in2DMode":false,"pivot":{"x":1.3927338123321534,"y":5.27536678314209,"z":-1.8806504011154175},"rotation":{"x":-0.06596729159355164,"y":0.2278548777103424,"z":-0.015474637970328331,"w":-0.9713373780250549},"size":0.000017328351532341912,"orthographic":false}