{"cameraMode":{"drawMode":0,"name":"Shaded","section":"Shading Mode"},"sceneLighting":false,"audioPlay":false,"sceneViewState":{"m_AlwaysRefresh":false,"showFog":false,"showSkybox":false,"showFlares":false,"showImageEffects":false,"showParticleSystems":false,"showVisualEffectGraphs":true,"m_FxEnabled":true},"in2DMode":false,"pivot":{"x":0.12182170152664185,"y":0.8102566003799439,"z":0.15306448936462403},"rotation":{"x":-0.009522427804768086,"y":0.9822448492050171,"z":-0.18026196956634522,"w":-0.05190126970410347},"size":1.2509849071502686,"orthographic":false}