{"cameraMode":{"drawMode":0,"name":"Shaded","section":"Shading Mode"},"sceneLighting":false,"audioPlay":false,"sceneViewState":{"m_AlwaysRefresh":false,"showFog":false,"showSkybox":false,"showFlares":false,"showImageEffects":true,"showParticleSystems":true,"showVisualEffectGraphs":true,"m_FxEnabled":false},"in2DMode":false,"pivot":{"x":1.302248477935791,"y":-0.04455632343888283,"z":-0.6251554489135742},"rotation":{"x":-0.08610008656978607,"y":0.23910003900527955,"z":-0.021290596574544908,"w":-0.9669390320777893},"size":1.2297559976577759,"orthographic":false}