{"cameraMode":{"drawMode":0,"name":"Shaded","section":"Shading Mode"},"sceneLighting":true,"audioPlay":false,"sceneViewState":{"m_AlwaysRefresh":false,"showFog":true,"showSkybox":false,"showFlares":true,"showImageEffects":true,"showParticleSystems":true,"showVisualEffectGraphs":true,"m_FxEnabled":true},"in2DMode":false,"pivot":{"x":-0.07199487090110779,"y":1.1401848793029786,"z":-0.1905968338251114},"rotation":{"x":0.0300307497382164,"y":-0.9130271077156067,"z":0.4011680781841278,"w":0.0679883137345314},"size":0.7290127277374268,"orthographic":false}