{"cameraMode":{"drawMode":0,"name":"Shaded","section":"Shading Mode"},"sceneLighting":false,"audioPlay":false,"sceneViewState":{"m_AlwaysRefresh":false,"showFog":false,"showSkybox":false,"showFlares":false,"showImageEffects":true,"showParticleSystems":true,"showVisualEffectGraphs":true,"m_FxEnabled":false},"in2DMode":false,"pivot":{"x":0.8545849919319153,"y":4.9921183586120609,"z":49.076114654541019},"rotation":{"x":0.02052147686481476,"y":-0.7526216506958008,"z":-0.023481449112296106,"w":-0.6577190160751343},"size":0.8660253882408142,"orthographic":false}