{"cameraMode":{"drawMode":0,"name":"Shaded","section":"Shading Mode"},"sceneLighting":false,"audioPlay":false,"sceneViewState":{"m_AlwaysRefresh":false,"showFog":false,"showSkybox":false,"showFlares":false,"showImageEffects":true,"showParticleSystems":true,"showVisualEffectGraphs":true,"m_FxEnabled":false},"in2DMode":false,"pivot":{"x":0.12325982749462128,"y":-0.15330587327480317,"z":0.21331575512886048},"rotation":{"x":-0.11375800520181656,"y":0.17432378232479096,"z":-0.02027931809425354,"w":-0.977887749671936},"size":1.2297559976577759,"orthographic":false}